season,week,home_team,away_team,Win Prob(Home),Predicted Winner
2025,1,WAS,NYG,0.71,WAS
2025,1,PHI,DAL,0.68,PHI
2025,1,NYJ,PIT,0.63,NYJ
2025,1,LA,HOU,0.58,LA
2025,1,DEN,TEN,0.54,DEN
2025,1,NE,LV,0.48,LV
2025,1,LAC,KC,0.47,KC
2025,1,CLE,CIN,0.46,CIN
2025,1,SEA,SF,0.44,SF
2025,1,NO,ARI,0.43,ARI
2025,1,IND,MIA,0.41,MIA
2025,1,JAX,CAR,0.4,CAR
2025,1,GB,DET,0.39,DET
2025,1,BUF,BAL,0.33,BAL
2025,1,CHI,MIN,0.31,MIN
2025,1,ATL,TB,0.2,TB
